0,1
2.307857143,2
2.386428571,2
2.396,1.981333333
2.38,1.949333333
2.38,1.896
2.345,1.89
2.288,1.872
2.214666667,1.778666667
2.182857143,1.788571429
2.159333333,1.820666667
2.132666667,1.847333333
2.13,1.792142857
2.153333333,1.756666667
2.2,1.75
2.213333333,1.77
2.230714286,1.772857143
2.246,1.762666667
2.206,1.789333333
2.19,1.8
2.199333333,1.802666667
2.246,1.816
2.283333333,1.862
2.315714286,1.922857143
2.344285714,1.987142857
2.344285714,2.045714286
2.342666667,2.072
2.349333333,2.052
2.362,2.056
2.384285714,2.074285714
2.42,2.11
2.44,2.163333333
2.457142857,2.225714286
2.472666667,2.297333333
2.499333333,2.370666667
2.505714286,2.417142857
2.504,2.438666667
2.524,2.432
2.54,2.425
2.56,2.43
2.593333333,2.463333333
2.628571429,2.504285714
2.67,2.555714286
2.72,2.62
2.72,2.64
2.72,2.663333333
2.72,2.69
2.72,2.718571429
2.724285714,2.742857143
2.738,2.766666667
2.778,2.8
2.805,2.825
2.83,2.846
2.863333333,2.866
2.881428571,2.892857143
2.89,2.921428571
2.89,2.95
2.896666667,2.97
2.9,2.976428571
2.902,2.970666667
2.922,2.977333333
2.925714286,2.984285714
2.922666667,2.994
2.936,3.014
2.94,3.035
2.946428571,3.05
2.967857143,3.05
2.976,3.062
2.98,3.072857143
2.98,3.08
2.994285714,3.094285714
3.004,3.104
3.012142857,3.112142857
3.033571429,3.133571429
3.049333333,3.14
3.062857143,3.141428571
3.077142857,3.148571429
3.08,3.155714286
3.082857143,3.171428571
3.09,3.2
3.09,3.206666667
3.09,3.217142857
3.091428571,3.230714286
3.105714286,3.237857143
3.119333333,3.24
3.135714286,3.244285714
3.164285714,3.265714286
3.17,3.287142857
3.175714286,3.305714286
3.19,3.32
3.203333333,3.333333333
3.217142857,3.347142857
3.230714286,3.360714286
3.237857143,3.367857143
3.258666667,3.384
3.284285714,3.405714286
3.305714286,3.434285714
3.327142857,3.457142857
3.348571429,3.478571429
3.37,3.5
3.403333333,3.533333333
3.434285714,3.571428571
3.464285714,3.614285714
3.507142857,3.657142857
3.555,3.705
3.607142857,3.757142857
3.664285714,3.814285714
3.715,3.871428571
3.773333333,3.936666667
3.84,4.01
3.911428571,4.095714286
3.991428571,4.194285714
4.078571429,4.3
4.171428571,4.4
4.275714286,4.511428571
4.382666667,4.630666667
4.489333333,4.757333333
4.622142857,4.892142857
4.761428571,5.042142857
4.905714286,5.207857143
5.062857143,5.386428571
5.225,5.57
5.391428571,5.757857143
5.562857143,5.950714286
5.734285714,6.15
5.903333333,6.343333333
6.07,6.53
6.241428571,6.73
6.412857143,6.921428571
6.581428571,7.104285714
6.738571429,7.275714286
6.89,7.441428571
7.034285714,7.597142857
7.17,7.74
7.277142857,7.854285714
7.371428571,7.96
7.454285714,8.055714286
7.525714286,8.134285714
7.585714286,8.207142857
7.64,8.27
7.69,8.32
7.747142857,8.377142857
7.795714286,8.425714286
7.84,8.471428571
7.89,8.528571429
7.94,8.591428571
7.99,8.652857143
8.04,8.71
8.09,8.774285714
8.14,8.834285714
8.188571429,8.89
8.231428571,8.94
8.262857143,8.984285714
8.291428571,9.021428571
8.32,9.05
8.334285714,9.064285714
8.344285714,9.07
8.347142857,9.065714286
8.332857143,9.044285714
8.307142857,9.022857143
8.275714286,8.992857143
8.24,8.95
8.19,8.9
8.122857143,8.832857143
8.044285714,8.751428571
7.965714286,8.658571429
7.875714286,8.56
7.777142857,8.457142857
7.67,8.35
7.555714286,8.228571429
7.441428571,8.107142857
7.326923077,7.983846154
7.211538462,7.853076923
7.097142857,7.730714286
6.993571429,7.612857143
6.900714286,7.499285714
6.807857143,7.392142857
6.72,7.295
6.636428571,7.206428571
6.557857143,7.127857143
6.492142857,7.042857143
6.425384615,6.965384615
6.36,6.897142857
6.31,6.832857143
6.26,6.78
6.212857143,6.73
6.17,6.68
6.134285714,6.63
6.098571429,6.588571429
6.062307692,6.550769231
6.023846154,6.504615385
5.994285714,6.474285714
5.972857143,6.449285714
5.958571429,6.427857143
5.944285714,6.406428571
5.93,6.39
5.915384615,6.375384615
5.9,6.36
5.885714286,6.352857143
5.871428571,6.337142857
5.857142857,6.315714286
5.842857143,6.294285714
5.821538462,6.265384615
5.795714286,6.235714286
5.765714286,6.205714286
5.722857143,6.162857143
5.675,6.115
5.626153846,6.063846154
5.58,6.01
5.53,5.945714286
5.484285714,5.89
5.438571429,5.837142857
5.381428571,5.772857143
5.326923077,5.704615385
5.271428571,5.641428571
5.215,5.585
5.165,5.535
5.123076923,5.482307692
5.085714286,5.435714286
5.05,5.4
5.021428571,5.364285714
4.996153846,5.326923077
4.973571429,5.293571429
4.952142857,5.272142857
4.937142857,5.257142857
4.926153846,5.242307692
4.918571429,5.228571429
4.911428571,5.221428571
4.904285714,5.22
4.9,5.22
4.9,5.22
4.9,5.22
4.905384615,5.22
4.907142857,5.217142857
4.9,5.21
4.892857143,5.202857143
4.885384615,5.195384615
4.875714286,5.183571429
4.861428571,5.162142857
4.839230769,5.125384615
4.812857143,5.092857143
4.784285714,5.061428571
4.755714286,5.018571429
4.719230769,4.973076923
4.678571429,4.928571429
4.635384615,4.884615385
4.589230769,4.830769231
4.54,4.774285714
4.488461538,4.715384615
4.435,4.654285714
4.385,4.597142857
4.343076923,4.547692308
4.305714286,4.502857143
4.27,4.46
4.231538462,4.421538462
4.195,4.385
4.158461538,4.346153846
4.12,4.3
4.077142857,4.257142857
4.032307692,4.207692308
3.987142857,4.150714286
3.944285714,4.086428571
3.891538462,4.031538462
3.844285714,3.975714286
3.800769231,3.919230769
3.754615385,3.865384615
3.717857143,3.821428571
3.688461538,3.784615385
3.668571429,3.755714286
3.661428571,3.734285714
3.647692308,3.723846154
3.643846154,3.72
3.651428571,3.722857143
3.658571429,3.737142857
3.672307692,3.758461538
3.697857143,3.784285714
3.733846154,3.813846154
3.772307692,3.852307692
3.808571429,3.894285714
3.845384615,3.941538462
3.885384615,3.996153846
3.939230769,4.057692308
4.001428571,4.127142857
4.070769231,4.203846154
4.149230769,4.291538462
4.241538462,4.406923077
4.34,4.521428571
4.455384615,4.654615385
4.595384615,4.818461538
4.749230769,5.003076923
4.917142857,5.205714286
5.112307692,5.437692308
5.346153846,5.711538462
5.607692308,6.026923077
5.9,6.381428571
6.236923077,6.790769231
6.637692308,7.276923077
7.114615385,7.846153846
7.621428571,8.457142857
8.188461538,9.131538462
8.843076923,9.894615385
9.573846154,10.74076923
10.31428571,11.57857143
11.11076923,12.46461538
11.99153846,13.42923077
12.90692308,14.42153846
13.85923077,15.42615385
14.79,16.405
15.69923077,17.36153846
16.69153846,18.37692308
17.68384615,19.39230769
18.67230769,20.40384615
19.64285714,21.39285714
20.55714286,22.30714286
21.51538462,23.27153846
22.47692308,24.23307692
23.42769231,25.17769231
24.36615385,26.11615385
25.28384615,27.02
26.13428571,27.86857143
26.95076923,28.68769231
27.80461538,29.52615385
28.62384615,30.33
29.41615385,31.10692308
30.17923077,31.85692308
30.91,32.58
31.61,33.27230769
32.25,33.9
32.86692308,34.50461538
33.49,35.12
34.05923077,35.67384615
34.61230769,36.20615385
35.14307692,36.71692308
35.64615385,37.20461538
36.10769231,37.65076923
36.54461538,38.06615385
36.95615385,38.46230769
37.34230769,38.83923077
37.70384615,39.18538462
38.05153846,39.51076923
38.36142857,39.79857143
38.65166667,40.06666667
38.96,40.35
39.19571429,40.57142857
39.43307692,40.78923077
39.66230769,41
39.87,41.2
40.06230769,41.37692308
40.24384615,41.54307692
40.41153846,41.69230769
40.56384615,41.82153846
40.70230769,41.93692308
40.82846154,42.05230769
40.94769231,42.15615385
41.06,42.24846154
41.16,42.34076923
41.25307692,42.41923077
41.34076923,42.49153846
41.41846154,42.55615385
41.48,42.61
41.54666667,42.67666667
41.60307692,42.72692308
41.65692308,42.76923077
41.71076923,42.80923077
41.76461538,42.85538462
41.80461538,42.89461538
41.84307692,42.92846154
41.87923077,42.95923077
41.91,42.99
41.92538462,43.01307692
41.95692308,43.03615385
41.98923077,43.05923077
42.01307692,43.08307692
42.04384615,43.11384615
42.06333333,43.14
42.08384615,43.16384615
42.10461538,43.18461538
42.12,43.2
42.14307692,43.21538462
42.16076923,43.23615385
42.17666667,43.26
42.19461538,43.28307692
42.21769231,43.29846154
42.23384615,43.31384615
42.24923077,43.33384615
42.26461538,43.35692308
42.28,43.38
42.29666667,43.39666667
42.31846154,43.42461538
42.33769231,43.44384615
42.35307692,43.45461538
42.36846154,43.47769231
42.385,43.495
42.40076923,43.51615385
42.41307692,43.53615385
42.42166667,43.5525
42.43833333,43.5775
42.46769231,43.59384615
42.48461538,43.61384615
42.49692308,43.63461538
42.52,43.65
42.52833333,43.66666667
42.54230769,43.68846154
42.55833333,43.70416667
42.57230769,43.71692308
42.58,43.74
42.59538462,43.75538462
42.60583333,43.76583333
42.61769231,43.77769231
42.63333333,43.79666667
42.65,43.83
42.66538462,43.84538462
42.68076923,43.86076923
42.69666667,43.87666667
42.71153846,43.89307692
42.71923077,43.90846154
42.7275,43.9175
42.73538462,43.93076923
42.75,43.95
42.77,43.97307692
42.77,43.98846154
42.7925,44.005
42.80538462,44.01538462
42.81333333,44.02666667
42.82307692,44.04307692
42.83846154,44.05846154
42.855,44.075
42.86538462,44.09076923
42.87333333,44.09666667
42.88153846,44.09307692
42.88923077,44.10846154
42.8975,44.1175
42.91076923,44.13076923
42.92333333,44.15
42.93166667,44.17
42.94,44.17
42.95538462,44.18538462
42.97166667,44.19
42.98769231,44.20153846
43.00333333,44.22333333
43.02,44.24
43.03666667,44.265
43.04,44.27
43.04833333,44.27833333
43.0625,44.29
43.07230769,44.29230769
43.09538462,44.31538462
43.11333333,44.34
43.12,44.355
43.12333333,44.36666667
43.13307692,44.38153846
43.14846154,44.38923077
43.18,44.405
43.20166667,44.41583333
43.21416667,44.4325
43.22230769,44.45230769
43.23,44.46
43.23833333,44.47666667
43.23333333,44.46666667
43.24,44.465
43.25666667,44.48
43.27307692,44.50461538
43.28846154,44.52769231
43.3125,44.56
43.32583333,44.57
43.33416667,44.57416667
43.3425,44.5775
43.35,44.57083333
43.35,44.57916667
43.3575,44.6025
43.36538462,44.62076923
43.38,44.64
43.40166667,44.66
43.41,44.66
43.41833333,44.65166667
43.42,44.65666667
43.425,44.67
43.42666667,44.68666667
43.425,44.7
43.45,44.7
43.45833333,44.7
43.46666667,44.7
43.475,44.705
43.48333333,44.72
43.49166667,44.74333333
43.5,44.76
43.5,44.76833333
43.5,44.77
43.505,44.77
43.51333333,44.77
43.52166667,44.77333333
43.53,44.79
43.53,44.79833333
43.53,44.78666667
43.53545455,44.79090909
43.53583333,44.80416667
43.5325,44.8125
43.54083333,44.82083333
43.54916667,44.82916667
43.5575,44.8375
43.56,44.83416667
43.56833333,44.84666667
43.5775,44.865
43.57,44.85
43.57,44.85
43.58666667,44.875
43.58333333,44.87333333
43.58,44.875
43.58,44.87666667
43.58363636,44.87181818
43.60083333,44.8825
43.60916667,44.9075
43.625,44.9175
43.62416667,44.91416667
43.61166667,44.91416667
43.59727273,44.91727273
43.595,44.915
43.62,44.94
43.62,44.94
43.62727273,44.92545455
43.62416667,44.92583333
43.62416667,44.93416667
43.63,44.94272727
43.63,44.95166667
43.63,44.96
43.605,44.935
43.6,44.92272727
43.61166667,44.92583333
43.61166667,44.92166667
43.59454545,44.91272727
43.58,44.92
43.58,44.92
43.56333333,44.91166667
43.56,44.88818182
43.54833333,44.8625
43.52636364,44.84090909
43.50666667,44.83
43.49833333,44.83
43.49,44.83
43.48090909,44.82090909
43.4575,44.8125
43.45,44.79727273
43.45,44.78
43.44636364,44.76272727
43.43,44.7425
43.39636364,44.71363636
43.36,44.65
43.35166667,44.64166667
43.33545455,44.61818182
43.3125,44.58666667
43.28333333,44.5575
43.24090909,44.52909091
43.185,44.49666667
43.16,44.48
43.10545455,44.39818182
43.0925,44.345
43.03272727,44.28545455
42.99454545,44.24909091
42.9775,44.21916667
42.95454545,44.18454545
42.92333333,44.15666667
42.84,44.09
42.84,44.09
42.81,44.045
42.77454545,44.01727273
42.77,44.025
42.76909091,44.02909091
42.7525,44.01
42.75454545,44.00454545
42.7,43.95
42.7,43.95
42.69272727,43.89909091
42.67090909,43.85454545
42.67,43.87
42.66545455,43.9
42.6375,43.8975
42.63363636,43.89090909
42.67,43.9
42.695,43.9
42.66363636,43.85636364
42.63727273,43.83363636
42.63,43.87
42.64454545,43.87727273
42.6575,43.8375
42.61545455,43.88818182
42.57,43.87
42.595,43.85333333
42.56363636,43.78454545
42.57545455,43.77909091
42.615,43.83
42.6,43.80818182
42.5375,43.7125
42.56363636,43.74909091
42.6,43.74
42.55833333,43.63166667
42.47727273,43.63909091
42.53272727,43.65636364
42.575,43.71
42.57727273,43.75636364
42.585,43.7375
42.57545455,43.70909091
42.63,43.8
42.61333333,43.85
42.41363636,43.83818182
42.445,43.82416667
42.54692308,43.77454545
42.60076923,43.71636364
42.65461538,43.7175
42.69552632,43.74909091
42.735,43.84
42.77447368,43.83473684
42.81263158,43.83263158
42.83894737,43.85894737
42.86526316,43.88526316
42.89157895,43.91157895
42.91769231,43.93846154
42.94333333,43.96666667
42.96897436,43.99487179
42.99461538,44.02307692
43.01736842,44.04631579
43.03578947,44.06210526
43.05421053,44.07789474
43.07263158,44.09368421
43.09894737,44.12052632
43.13052632,44.15473684
43.16210526,44.18894737
43.19368421,44.22315789
43.21846154,44.25051282
43.24153846,44.27615385
43.26461538,44.30179487
43.28769231,44.3274359
43.30657895,44.34894737
43.325,44.37
43.34342105,44.39105263
43.36184211,44.41157895
43.38026316,44.42736842
43.39868421,44.44315789
43.41710526,44.45894737
43.43552632,44.47631579
43.45394737,44.49736842
43.47236842,44.51842105
43.49078947,44.53947368
43.50394737,44.55394737
43.51184211,44.56184211
43.51973684,44.56973684
43.52763158,44.57763158
43.54076923,44.5925641
43.55615385,44.61051282
43.57153846,44.62846154
43.58692308,44.64641026
43.59421053,44.65210526
43.59947368,44.65473684
43.60473684,44.65736842
43.61,44.66
43.61,44.66263158
43.61,44.66526316
43.61,44.66789474
43.61,44.67
43.61,44.67
43.61,44.67
43.61,44.67
43.61105263,44.67105263
43.61368421,44.67368421
43.61631579,44.67631579
43.61894737,44.67894737
43.62315789,44.68315789
43.62842105,44.68842105
43.63368421,44.69368421
43.63894737,44.69894737
43.64410256,44.70615385
43.64923077,44.71384615
43.65435897,44.72153846
43.65948718,44.72923077
43.65763158,44.72526316
43.655,44.72
43.65236842,44.71473684
43.64842105,44.70868421
43.63263158,44.69552632
43.61684211,44.68236842
43.60105263,44.66921053
43.59315789,44.66315789
43.60368421,44.67368421
43.61421053,44.68421053
43.62473684,44.69473684
43.62605263,44.69605263
43.61815789,44.68815789
43.61026316,44.68026316
43.60236842,44.67236842
43.59263158,44.66078947
43.58210526,44.64763158
43.57157895,44.63447368
43.56105263,44.62131579
43.55763158,44.61763158
43.555,44.615
43.55236842,44.61236842
43.54921053,44.60921053
43.54131579,44.60131579
43.53342105,44.59342105
43.52552632,44.58552632
43.51763158,44.57684211
43.50973684,44.56631579
43.50184211,44.55578947
43.49394737,44.54526316
43.48210526,44.53342105
43.46631579,44.52026316
43.45052632,44.50710526
43.43473684,44.49394737
43.42631579,44.48263158
43.42105263,44.47210526
43.41578947,44.46157895
43.41052632,44.45105263
43.40526316,44.44289474
43.4,44.435
43.39473684,44.42710526
43.38789474,44.41763158
43.36684211,44.39394737
43.34578947,44.37026316
43.32473684,44.34657895
43.30684211,44.32605263
43.29631579,44.31289474
43.28578947,44.29973684
43.27526316,44.28657895
43.25684211,44.26684211
43.23052632,44.24052632
43.20421053,44.21421053
43.17789474,44.18789474
43.14421053,44.15052632
43.10736842,44.10842105
43.07052632,44.06631579
43.03368421,44.02421053
42.97315789,43.95605263
42.91,43.885
42.84684211,43.81394737
42.78421053,43.74368421
42.72631579,43.68052632
42.66842105,43.61736842
42.61052632,43.55421053
42.54631579,43.48394737
42.46736842,43.39710526
42.38842105,43.31026316
42.30947368,43.22342105
42.22263158,43.12605263
42.12789474,43.01815789
42.03315789,42.91026316
41.93842105,42.80236842
41.85473684,42.70736842
41.77578947,42.61789474
41.69684211,42.52842105
41.61789474,42.43894737
41.5272973,42.34
41.43540541,42.24
41.34351351,42.14
41.25684211,42.04368421
41.19105263,41.96210526
41.12526316,41.88052632
41.05947368,41.79894737
41,41.72684211
40.95,41.66894737
40.9,41.61105263
40.85,41.55315789
40.79842105,41.49368421
40.74578947,41.43315789
40.69315789,41.37263158
40.64052632,41.31210526
40.61105263,41.27473684
40.58736842,41.24315789
40.56368421,41.21157895
40.54,41.18
40.52684211,41.16157895
40.51368421,41.14315789
40.50052632,41.12473684
40.48621622,41.10513514
40.4672973,41.08081081
40.44837838,41.05648649
40.42945946,41.03216216
40.41473684,41.01210526
40.40421053,40.99631579
40.39368421,40.98052632
40.38315789,40.96473684
40.37078947,40.94894737
40.35763158,40.93315789
40.34447368,40.91736842
40.33131579,40.90157895
40.31815789,40.88342105
40.305,40.865
40.29184211,40.84657895
40.27837838,40.82783784
40.26216216,40.80621622
40.24594595,40.78459459
40.22972973,40.76297297
40.21578947,40.74473684
40.20526316,40.73157895
40.19473684,40.71842105
40.18421053,40.70526316
40.17842105,40.69684211
40.17578947,40.69157895
40.17315789,40.68631579
40.17052632,40.68105263
40.17216216,40.68
40.17486486,40.68
40.17756757,40.68
40.17973684,40.67973684
40.17710526,40.67710526
40.17447368,40.67447368
40.17184211,40.67184211
40.17315789,40.67315789
40.18368421,40.68368421
40.19421053,40.69421053
40.20473684,40.70473684
40.21810811,40.71810811
40.23432432,40.73432432
40.25054054,40.75054054
40.26675676,40.76675676
40.27842105,40.77631579
40.28894737,40.78421053
40.29947368,40.79210526
40.31,40.8
40.33105263,40.82105263
40.35210526,40.84210526
40.37315789,40.86315789
40.39486486,40.88432432
40.41918919,40.90594595
40.44351351,40.92756757
40.46783784,40.94918919
40.48526316,40.96657895
40.49578947,40.97973684
40.50631579,40.99289474
40.51684211,41.00605263
40.53473684,41.02657895
40.55578947,41.05026316
40.57684211,41.07394737
40.59789474,41.09763158
40.60243243,41.10486486
40.60513514,41.11027027
40.60783784,41.11567568
40.61421053,41.12421053
40.63526316,41.14526316
40.65631579,41.16631579
40.67736842,41.18736842
40.69756757,41.20648649
40.71648649,41.2227027
40.73540541,41.23891892
40.75432432,41.25513514
40.76184211,41.26368421
40.76447368,41.26894737
40.76710526,41.27421053
40.76973684,41.27947368
40.77972973,41.29216216
40.79054054,41.30567568
40.80135135,41.31918919
40.81052632,41.33105263
40.81315789,41.33631579
40.81578947,41.34157895
40.81842105,41.34684211
40.82324324,41.35324324
40.83135135,41.36135135
40.83945946,41.36945946
40.84756757,41.37756757
40.85184211,41.38184211
40.85447368,41.38447368
40.85710526,41.38710526
40.85973684,41.38973684
40.8527027,41.38513514
40.84459459,41.37972973
40.83648649,41.37432432
40.83,41.36947368
40.83,41.36684211
40.83,41.36421053
40.83,41.36157895
40.81594595,41.34810811
40.78081081,41.31837838
40.74567568,41.28864865
40.71054054,41.25891892
40.71473684,41.25921053
40.73578947,41.27236842
40.75684211,41.28552632
40.77789474,41.29868421
40.76783784,41.28783784
40.75432432,41.27432432
40.74081081,41.26081081
40.72736842,41.24736842
40.71421053,41.23421053
40.70105263,41.22105263
40.68789474,41.20789474
40.67567568,41.19459459
40.66486486,41.18108108
40.65405405,41.16756757
40.64324324,41.15405405
40.62297297,41.12918919
40.59864865,41.09945946
40.57432432,41.06972973
40.55,41.04
40.50789474,40.99526316
40.46578947,40.95052632
40.42368421,40.90578947
40.38513514,40.86405405
40.36081081,40.83432432
40.33648649,40.80459459
40.31216216,40.77486486
40.28648649,40.74378378
40.25945946,40.71135135
40.23243243,40.67891892
40.20540541,40.64648649
40.16210526,40.6
40.11473684,40.55
40.06736842,40.5
40.02,40.45
39.97945946,40.40135135
39.93891892,40.3527027
39.89837838,40.30405405
39.85135135,40.24891892
39.78918919,40.17864865
39.72702703,40.10837838
39.66486486,40.03810811
39.60052632,39.96421053
39.53473684,39.88789474
39.46894737,39.81157895
39.40315789,39.73526316
39.32297297,39.64648649
39.23918919,39.55459459
39.15540541,39.4627027
39.07189189,39.37054054
38.99081081,39.27594595
38.90972973,39.18135135
38.82864865,39.08675676
38.73783784,38.98351351
38.63243243,38.8672973
38.52702703,38.75108108
38.42162162,38.63486486
38.32736842,38.52815789
38.23789474,38.42552632
38.14842105,38.32289474
38.05894737,38.22026316
37.95513514,38.10540541
37.84972973,37.98918919
37.74432432,37.87297297
37.63783784,37.75567568
37.52702703,37.63405405
37.41621622,37.51243243
37.30540541,37.39081081
37.19459459,37.26918919
37.08378378,37.14756757
36.97297297,37.02594595
36.86216216,36.90432432
36.76,36.79157895
36.66,36.68105263
36.56,36.57052632
36.46,36.46
36.35459459,36.34918919
36.24918919,36.23837838
36.14378378,36.12756757
36.03918919,36.01594595
35.93648649,35.90243243
35.83378378,35.78891892
35.73108108,35.67540541
35.62675676,35.56351351
35.52135135,35.4527027
35.41594595,35.34189189
35.31054054,35.23108108
35.19297297,35.10567568
35.07405405,34.97864865
34.95513514,34.85162162
34.83405405,34.72189189
34.70432432,34.58135135
34.57459459,34.44081081
34.44486486,34.30027027
34.30567568,34.14891892
34.15702703,33.98675676
34.00837838,33.82459459
33.85972973,33.66243243
33.68263158,33.47
33.49842105,33.27
33.31421053,33.07
33.13,32.87
32.90567568,32.62675676
32.68135135,32.38351351
32.45702703,32.14027027
32.20675676,31.86945946
31.89594595,31.53432432
31.58513514,31.19918919
31.27432432,30.86405405
30.92945946,30.49
30.56189189,30.09
30.19432432,29.69
29.82675676,29.29
29.39351351,28.81945946
28.95297297,28.34108108
28.51243243,27.8627027
28.06378378,27.37567568
27.5827027,26.85405405
27.10162162,26.33243243
26.62054054,25.81081081
26.12594595,25.27702703
25.61783784,24.73108108
25.10972973,24.18513514
24.60162162,23.63918919
24.09351351,23.09756757
23.58540541,22.55702703
23.0772973,22.01648649
22.5727027,21.48027027
22.09972973,20.98297297
21.62675676,20.48567568
21.15378378,19.98837838
20.69810811,19.51054054
20.26837838,19.06189189
19.83864865,18.61324324
19.40891892,18.16459459
19.02837838,17.76702703
18.66891892,17.39135135
18.30945946,17.01567568
17.95,16.64
17.65540541,16.32918919
17.36081081,16.01837838
17.06621622,15.70756757
16.78945946,15.41540541
16.55432432,15.16675676
16.31918919,14.91810811
16.08405405,14.66945946
15.87810811,14.44837838
15.69162162,14.24567568
15.50513514,14.04297297
15.31864865,13.84027027
15.18081081,13.68378378
15.04837838,13.53243243
14.91594595,13.38108108
14.79,13.23621622
14.69,13.1172973
14.59,12.99837838
14.49,12.87945946
14.40621622,12.77675676
14.33864865,12.69027027
14.27108108,12.60378378
14.20351351,12.5172973
14.15756757,12.45243243
14.11702703,12.39297297
14.07648649,12.33351351
14.0372973,12.27567568
14.01027027,12.23243243
13.98324324,12.18918919
13.95621622,12.14594595
13.93444444,12.10666667
13.92055556,12.07333333
13.90666667,12.04
13.89277778,12.00666667
13.89216216,11.99135135
13.89486486,11.98054054
13.89756757,11.96972973
13.90081081,11.95945946
13.90891892,11.95405405
13.91702703,11.94864865
13.92513514,11.94324324
13.93648649,11.94216216
13.9527027,11.94756757
13.96891892,11.95297297
13.98513514,11.95837838
14.00891892,11.96945946
14.03594595,11.98297297
14.06297297,11.99648649
14.09,12.01
14.12783784,12.03972973
14.16567568,12.06945946
14.20351351,12.09918919
14.24583333,12.13333333
14.29861111,12.17777778
14.35138889,12.22222222
14.40416667,12.26666667
14.4672973,12.31972973
14.53486486,12.37648649
14.60243243,12.43324324
14.67,12.49
14.75378378,12.56297297
14.83756757,12.63594595
14.92135135,12.70891892
15.00756757,12.78594595
15.09945946,12.87243243
15.19135135,12.95891892
15.28324324,13.04540541
15.385,13.14166667
15.49333333,13.24444444
15.60166667,13.34722222
15.71,13.45
15.81810811,13.55
15.92621622,13.65
16.03432432,13.75
16.14486486,13.85405405
16.26108108,13.96756757
16.3772973,14.08108108
16.49351351,14.19459459
16.61459459,14.31297297
16.73891892,14.43459459
16.86324324,14.55621622
16.98756757,14.67783784
17.11,14.8
17.23222222,14.92222222
17.35444444,15.04444444
17.47567568,15.16486486
17.59459459,15.28108108
17.71351351,15.3972973
17.83243243,15.51351351
17.95621622,15.63945946
18.08324324,15.77189189
18.21027027,15.90432432
18.3372973,16.03675676
18.465,16.165
18.59277778,16.29277778
18.72055556,16.42055556
18.84648649,16.54810811
18.96810811,16.67513514
19.08972973,16.80216216
19.21135135,16.92918919
19.32972973,17.05297297
19.44594595,17.17459459
19.56216216,17.29621622
19.67837838,17.41783784
19.8,17.545
19.92222222,17.67277778
20.04444444,17.80055556
20.16405405,17.92567568
20.27756757,18.04459459
20.39108108,18.16351351
20.50459459,18.28243243
20.61810811,18.40135135
20.73162162,18.52027027
20.84513514,18.63918919
20.95864865,18.75810811
21.0725,18.8775
21.18638889,18.99694444
21.30027778,19.11638889
21.41,19.23405405
21.51,19.34756757
21.61,19.46108108
21.71,19.57459459
21.815,19.68666667
21.92333333,19.79777778
22.03166667,19.90888889
22.14,20.02
22.2372973,20.12810811
22.33459459,20.23621622
22.43189189,20.34432432
22.52833333,20.45166667
22.62277778,20.55722222
22.71722222,20.66277778
22.81166667,20.76833333
22.90243243,20.87
22.99162162,20.97
23.08081081,21.07
23.17,21.17
23.26722222,21.27277778
23.36444444,21.37555556
23.46166667,21.47833333
23.55567568,21.57891892
23.64486486,21.67621622
23.73405405,21.77351351
23.82324324,21.87081081
23.90638889,21.96416667
23.98694444,22.05583333
24.0675,22.1475
24.14810811,22.23918919
24.22918919,22.33108108
24.31027027,22.42297297
24.39135135,22.51486486
24.47,22.60333333
24.545,22.68666667
24.62,22.77
24.695,22.85333333
24.76621622,22.93486486
24.83648649,23.01594595
24.90675676,23.09702703
24.97722222,23.17833333
25.04944444,23.26166667
25.12166667,23.345
25.19388889,23.42833333
25.26243243,23.50648649
25.3272973,23.57945946
25.39216216,23.65243243
25.45702703,23.72540541
25.52111111,23.79777778
25.585,23.87
25.64888889,23.94222222
25.71405405,24.01567568
25.78432432,24.09405405
25.85459459,24.17243243
25.92486486,24.25081081
25.99194444,24.32472222
26.05583333,24.39416667
26.11972222,24.46361111
26.18361111,24.53305556
26.2475,24.6075
26.31138889,24.6825
26.37527778,24.7575
26.43783784,24.83027027
26.4972973,24.89783784
26.55675676,24.96540541
26.61621622,25.03297297
26.66166667,25.08833333
26.69777778,25.13555556
26.73388889,25.18277778
26.77,25.23
26.84297297,25.30837838
26.91594595,25.38675676
26.98891892,25.46513514
27.05833333,25.53916667
27.11944444,25.60305556
27.18055556,25.66694444
27.24166667,25.73083333
27.29305556,25.78888889
27.34027778,25.84444444
27.3875,25.9
27.43555556,25.95583333
27.49111111,26.01416667
27.54666667,26.0725
27.60222222,26.13083333
27.65162162,26.18567568
27.69486486,26.23702703
27.73810811,26.28837838
27.78135135,26.33972973
27.82111111,26.38777778
27.86,26.435
27.89888889,26.48222222
27.93888889,26.53
27.98333333,26.58
28.02777778,26.63
28.07222222,26.68
28.11108108,26.72594595
28.14621622,26.76918919
28.18135135,26.81243243
28.21648649,26.85567568
28.255,26.9
28.29388889,26.94444444
28.33277778,26.98888889
28.37083333,27.03416667
28.40694444,27.08138889
28.44305556,27.12861111
28.47916667,27.17583333
28.50555556,27.2075
28.52777778,27.2325
28.55,27.2575
28.57351351,27.28405405
28.60864865,27.32459459
28.64378378,27.36513514
28.67891892,27.40567568
28.70888889,27.44111111
28.73111111,27.46888889
28.75333333,27.49666667
28.77555556,27.52444444
28.79777778,27.55222222
28.82,27.58
28.84222222,27.60777778
28.86277778,27.63388889
28.87666667,27.65333333
28.89055556,27.67277778
28.90444444,27.69222222
28.915,27.70833333
28.92333333,27.72222222
28.93166667,27.73611111
28.94,27.75
28.94,27.75540541
28.94,27.76081081
28.94,27.76621622
28.94166667,27.7725
28.94722222,27.78083333
28.95277778,27.78916667
28.95833333,27.7975
28.95611111,27.8
28.95055556,27.8
28.945,27.8
28.93861111,27.79944444
28.92472222,27.79388889
28.91083333,27.78833333
28.89694444,27.78277778
28.88305556,27.77583333
28.86916667,27.7675
28.85527778,27.75916667
28.84138889,27.75083333
28.825,27.7375
28.80833333,27.72361111
28.79166667,27.70972222
28.77083333,27.69333333
28.74027778,27.67111111
28.70972222,27.64888889
28.67916667,27.62666667
28.64277778,27.59861111
28.60388889,27.56805556
28.565,27.5375
28.525,27.50583333
28.475,27.46416667
28.425,27.4225
28.375,27.38083333
28.32916667,27.34194444
28.2875,27.30583333
28.24583333,27.26972222
28.20416667,27.23361111
28.15864865,27.19108108
28.1127027,27.14783784
28.06675676,27.10459459
28.022,27.06314286
27.982,27.02885714
27.942,26.99457143
27.902,26.96028571
27.855,26.91694444
27.805,26.86972222
27.755,26.8225
27.70513514,26.77540541
27.65648649,26.72945946
27.60783784,26.68351351
27.55918919,26.63756757
27.50888889,26.59111111
27.45611111,26.54388889
27.40333333,26.49666667
27.35055556,26.44944444
27.30444444,26.40666667
27.26,26.365
27.21555556,26.32333333
27.17028571,26.28085714
27.12171429,26.23514286
27.07314286,26.18942857
27.02457143,26.14371429
26.975,26.095
26.925,26.045
26.875,25.995
26.825,25.945
26.775,25.895
26.725,25.845
26.675,25.795
26.62777778,25.74638889
26.58333333,25.69916667
26.53888889,25.65194444
26.49444444,25.60472222
26.46,25.5675
26.42666667,25.53138889
26.39333333,25.49527778
26.35916667,25.4575
26.32305556,25.41583333
26.28694444,25.37416667
26.25083333,25.3325
26.21277778,25.28888889
26.17388889,25.24444444
26.135,25.2
26.09611111,25.15583333
26.05722222,25.11416667
26.01833333,25.0725
25.97944444,25.03083333
25.93638889,24.98361111
25.88916667,24.93083333
25.84194444,24.87805556
25.79472222,24.82527778
25.75,24.775
25.70555556,24.725
25.66111111,24.675
25.61416667,24.62166667
25.56138889,24.56055556
25.50861111,24.49944444
25.45583333,24.43833333
25.408,24.384
25.36228571,24.33257143
25.31657143,24.28114286
25.26944444,24.22888889
25.21666667,24.17333333
25.16388889,24.11777778
25.11111111,24.06222222
25.065,24.01
25.02333333,23.96
24.98166667,23.91
24.94,23.86
24.89277778,23.81
24.84555556,23.76
24.79833333,23.71
24.75666667,23.66555556
24.72333333,23.62944444
24.69,23.59333333
24.65666667,23.55722222
24.62777778,23.52333333
24.6,23.49
24.57222222,23.45666667
24.54428571,23.42314286
24.51571429,23.38885714
24.48714286,23.35457143
24.45857143,23.32028571
24.42666667,23.28472222
24.39333333,23.24861111
24.36,23.2125
24.32861111,23.17916667
24.31472222,23.17083333
24.30083333,23.1625
24.28694444,23.15416667
24.27722222,23.14444444
24.27166667,23.13333333
24.26611111,23.12222222
24.26055556,23.11111111
24.24714286,23.10228571
24.23285714,23.09371429
24.21857143,23.08514286
24.20222222,23.07555556
24.18277778,23.06444444
24.16333333,23.05333333
24.14388889,23.04222222
24.13777778,23.04
24.135,23.04
24.13222222,23.04
24.13057143,23.04171429
24.13342857,23.05028571
24.13628571,23.05885714
24.13914286,23.06742857
24.14972222,23.07972222
24.16361111,23.09361111
24.1775,23.1075
24.19166667,23.12166667
24.20833333,23.13833333
24.225,23.155
24.24166667,23.17166667
24.25416667,23.18416667
24.2625,23.1925
24.27083333,23.20083333
24.27916667,23.20916667
24.29028571,23.22028571
24.30171429,23.23171429
24.31314286,23.24314286
24.32222222,23.25222222
24.32777778,23.25777778
24.33333333,23.26333333
24.33888889,23.26888889
24.34,23.27
24.34,23.27
24.34,23.27
24.33833333,23.26916667
24.33277778,23.26638889
24.32722222,23.26361111
24.32166667,23.26083333
24.31027778,23.25027778
24.29638889,23.23638889
24.2825,23.2225
24.26742857,23.20771429
24.24171429,23.18485714
24.216,23.162
24.19028571,23.13914286
24.15833333,23.10833333
24.12222222,23.07222222
24.08611111,23.03611111
24.05,23
23.99571429,22.94285714
23.94142857,22.88571429
23.88714286,22.82857143
23.82805556,22.76666667
23.76416667,22.7
23.70027778,22.63333333
23.63638889,22.56666667
23.545,22.4725
23.45055556,22.37527778
23.35611111,22.27805556
23.25314286,22.17057143
23.13028571,22.03914286
23.00742857,21.90771429
22.88457143,21.77628571
22.73555556,21.61666667
22.58,21.45
22.42444444,21.28333333
22.25885714,21.10714286
22.05314286,20.89285714
21.84742857,20.67857143
21.64171429,20.46428571
21.40888889,20.21916667
21.16444444,19.96083333
20.92,19.7025
20.67028571,19.43885714
20.37314286,19.12742857
20.076,18.816
19.77885714,18.50457143
19.45166667,18.165
19.10444444,17.80666667
18.75722222,17.44833333
18.41,17.09
17.97857143,16.64714286
17.54714286,16.20428571
17.11571429,15.76142857
16.67361111,15.31083333
16.22083333,14.8525
15.76805556,14.39416667
15.31527778,13.93583333
14.838,13.45542857
14.358,12.97257143
13.878,12.48971429
13.39571429,12.01028571
12.91,11.536
12.42428571,11.06171429
11.93857143,10.58742857
11.485,10.15
11.035,9.716666667
10.585,9.283333333
10.14571429,8.862571429
9.731428571,8.471142857
9.317142857,8.079714286
8.902857143,7.688285714
8.551111111,7.354444444
8.215,7.035
7.878888889,6.715555556
7.555142857,6.409714286
7.280857143,6.158285714
7.006571429,5.906857143
6.732285714,5.655428571
6.512,5.456
6.314857143,5.278857143
6.117714286,5.101714286
5.932222222,4.935
5.793333333,4.81
5.654444444,4.685
5.515555556,4.56
5.041818182,4.122727273
4.344848485,3.477272727
3.647878788,2.831818182
3.145,2.367142857
3.095,2.324285714
3.045,2.281428571
3.005714286,2.238571429
2.977142857,2.195714286
2.948571429,2.152857143
2.9125,2.12
2.873214286,2.091428571
2.833928571,2.062857143
2.804285714,2.047142857
2.775714286,2.032857143
2.748571429,2.018571429
2.734285714,2.004285714
2.72,1.99
2.706785714,1.974642857
2.696071429,1.956785714
2.685357143,1.938928571
2.68,1.928214286
2.68,1.924642857
2.68,1.921071429
2.6875,1.915
2.698214286,1.907857143
2.708928571,1.900714286
2.713333333,1.9
2.717037037,1.9
2.720714286,1.902142857
2.724285714,1.912857143
2.727857143,1.923571429
2.734285714,1.932857143
2.745,1.94
2.755714286,1.947142857
2.775,1.956428571
2.8,1.967142857
2.825,1.977857143
2.847777778,1.988888889
2.87,2
2.8925,2.011428571
2.9175,2.025714286
2.9425,2.04
2.9675,2.056428571
2.9925,2.077857143
3.0175,2.099285714
3.044814815,2.121111111
3.074444444,2.143333333
3.104074074,2.165555556
3.132857143,2.184285714
3.161428571,2.202142857
3.19,2.22
3.234444444,2.245925926
3.278888889,2.271851852
3.321785714,2.298571429
3.361071429,2.327142857
3.400357143,2.355714286
3.44037037,2.388518519
3.481111111,2.425555556
3.521851852,2.462592593
3.558571429,2.495714286
3.594285714,2.527857143
3.63,2.56
3.678148148,2.593333333
3.726296296,2.626666667
3.775,2.661785714
3.825,2.701071429
3.875,2.740357143
3.925925926,2.778518519
3.977777778,2.815555556
4.02962963,2.852592593
4.084444444,2.895555556
4.14,2.94
4.195714286,2.984285714
4.252857143,3.027142857
4.31,3.07
4.368888889,3.113333333
4.431851852,3.157777778
4.494814815,3.202222222
4.555555556,3.248888889
4.614814815,3.297037037
4.674074074,3.345185185
4.736666667,3.396666667
4.79962963,3.448518519
4.862857143,3.5
4.927142857,3.55
4.991428571,3.6
5.052222222,3.649259259
5.107777778,3.697407407
5.163333333,3.745555556
5.224074074,3.796296296
5.287037037,3.848148148
5.35,3.9
5.416666667,3.948148148
5.483333333,3.996296296
5.548888889,4.048888889
5.611851852,4.111851852
5.674814815,4.174814815
5.74,4.233333333
5.806666667,4.288888889
5.873333333,4.344444444
5.94,4.4
6.006666667,4.455555556
6.073333333,4.511111111
6.14,4.566666667
6.206666667,4.622222222
6.275185185,4.675925926
6.345555556,4.727777778
6.415925926,4.77962963
6.48037037,4.84037037
6.543333333,4.903333333
6.605925926,4.965925926
6.665185185,5.025185185
6.724444444,5.084444444
6.786153846,5.143076923
6.851538462,5.200769231
6.916923077,5.258461538
6.98037037,5.311481481
7.043333333,5.363333333
7.105185185,5.415185185
7.157037037,5.467037037
7.208888889,5.518888889
7.260740741,5.569259259
7.312592593,5.617407407
7.364444444,5.665555556
7.423076923,5.715
7.484615385,5.765
7.544814815,5.815185185
7.592962963,5.867037037
7.641111111,5.918888889
7.686296296,5.967777778
7.727037037,6.012222222
7.767777778,6.056666667
7.812307692,6.099615385
7.858461538,6.141923077
7.904444444,6.184814815
7.948888889,6.232962963
7.993333333,6.281111111
8.038461538,6.328461538
8.084615385,6.374615385
8.130769231,6.420769231
8.172592593,6.462592593
8.213333333,6.503333333
8.253846154,6.544615385
8.292307692,6.590769231
8.330769231,6.636923077
8.37037037,6.682222222
8.411111111,6.726666667
8.451851852,6.771111111
8.487692308,6.813846154
8.522307692,6.856153846
8.558148148,6.89962963
8.598888889,6.947777778
8.63962963,6.995925926
8.685,7.043076923
8.735,7.089230769
8.785,7.135384615
8.831538462,7.178076923
8.877692308,7.220384615
8.923333333,7.264444444
8.967777778,7.312592593
9.012222222,7.360740741
9.062307692,7.414615385
9.116153846,7.472307692
9.17,7.53
9.22,7.576153846
9.27,7.622307692
9.32,7.668461538
9.37,7.714615385
9.42,7.760769231
9.465555556,7.808518519
9.51,7.856666667
9.555384615,7.905
9.609230769,7.955
9.663076923,8.005
9.718846154,8.053076923
9.776538462,8.099230769
9.834230769,8.145384615
9.881538462,8.195
9.927692308,8.245
9.972692308,8.296153846
10.015,8.35
10.05730769,8.403846154
10.10230769,8.455
10.14846154,8.505
10.19538462,8.554615385
10.24923077,8.600769231
10.30307692,8.646923077
10.34923077,8.693076923
10.38769231,8.739230769
10.42615385,8.785384615
10.46807692,8.838461538
10.51038462,8.892307692
10.55384615,8.945
10.6,8.995
10.64615385,9.045
10.695,9.086923077
10.745,9.125384615
10.7948,9.1648
10.8428,9.2128
10.8908,9.2608
10.93769231,9.31
10.98384615,9.36
11.03,9.41
11.07615385,9.46
11.12230769,9.51
11.16846154,9.558461538
11.21461538,9.604615385
11.26076923,9.650769231
11.3052,9.6984
11.3492,9.7464
11.39038462,9.795
11.425,9.845
11.45961538,9.895
11.505,9.942307692
11.555,9.988461538
11.604,10.034
11.644,10.074
11.684,10.114
11.72307692,10.15307692
11.76153846,10.19153846
11.8,10.23
11.83846154,10.27615385
11.87692308,10.32230769
11.916,10.3692
11.956,10.4172
11.996,10.4652
12.036,10.506
12.076,10.546
12.11076923,10.58384615
12.13769231,10.61846154
12.16461538,10.65307692
12.1892,10.6856
12.2132,10.7176
12.23807692,10.74923077
12.265,10.78
12.29192308,10.81076923
12.3224,10.8424
12.3544,10.8744
12.38538462,10.90769231
12.41230769,10.94615385
12.43923077,10.98461538
12.462,11.0144
12.482,11.0384
12.5024,11.0632
12.5264,11.0952
12.5504,11.1272
12.5696,11.1616
12.5856,11.1976
12.60192308,11.23153846
12.62115385,11.24692308
12.64038462,11.26230769
12.66,11.28
12.68,11.3
12.7,11.32
12.708,11.344
12.716,11.368
12.728,11.388
12.744,11.404
12.76,11.42
12.772,11.444
12.784,11.468
12.798,11.49
12.814,11.51
12.83,11.53
12.85,11.546
12.87,11.562
12.892,11.584
12.916,11.612
12.94,11.64
12.956,11.664
12.972,11.688
12.984,11.71
12.992,11.73
13,11.75
13.016,11.774
13.032,11.798
13.056,11.826
13.088,11.858
13.12,11.89
13.148,11.922
13.176,11.954
13.20666667,11.9825
13.24,12.0075
13.2724,12.0324
13.2964,12.0564
13.3204,12.0804
13.342,12.1092
13.362,12.1412
13.3828,12.1724
13.4108,12.1964
13.4388,12.2204
13.465,12.245
13.49,12.27
13.5148,12.2964
13.5388,12.3284
13.5628,12.3604
13.584,12.3868
13.604,12.4108
13.62416667,12.4325
13.645,12.445
13.66583333,12.4575
13.686,12.4728
13.706,12.4888
13.725,12.50375
13.74166667,12.51625
13.75833333,12.52875
13.778,12.5408
13.798,12.5528
13.81333333,12.565
13.82166667,12.5775
13.83,12.59
13.838,12.602
13.846,12.614
13.85208333,12.62416667
13.85625,12.6325
13.86,12.64
13.86,12.64
13.86,12.64
13.85,12.635
13.83333333,12.62666667
13.8175,12.6175
13.805,12.605
13.7925,12.5925
13.77666667,12.57666667
13.76,12.56
13.7404,12.5404
13.7164,12.5164
13.6924,12.4924
13.65625,12.46
13.61875,12.42666667
13.58125,12.38916667
13.54375,12.3475
13.50541667,12.30541667
13.45958333,12.25958333
13.41375,12.21375
13.3692,12.1692
13.3252,12.1252
13.28083333,12.08083333
13.235,12.035
13.18916667,11.98916667
13.14,11.95
13.09,11.9125
13.03666667,11.86833333
12.97833333,11.81416667
12.92,11.76
12.85333333,11.70166667
12.78666667,11.64333333
12.7225,11.585
12.66,11.52666667
12.59666667,11.4675
12.53,11.405
12.46333333,11.3425
12.39,11.27333333
12.315,11.2025
12.24391304,11.13391304
12.17869565,11.06869565
12.11333333,11.00416667
12.04666667,10.94583333
11.98,10.8875
11.91333333,10.82625
11.84666667,10.76375
11.78,10.70375
11.71333333,10.64958333
11.64666667,10.59541667
11.5875,10.53375
11.52916667,10.47125
11.47173913,10.41391304
11.41521739,10.36173913
11.35916667,10.31
11.305,10.26
11.25083333,10.21
11.2,10.15666667
11.15,10.1025
11.1026087,10.04391304
11.05913043,9.978695652
11.01458333,9.91625
10.96041667,9.87875
10.90625,9.84125
10.85652174,9.81173913
10.80869565,9.785652174
10.76166667,9.756666667
10.71583333,9.723333333
10.67,9.69
10.62833333,9.644166667
10.58666667,9.598333333
10.54391304,9.556521739
10.50043478,9.517391304
10.45625,9.4775
10.41041667,9.435833333
10.36458333,9.394166667
10.31695652,9.350869565
10.26913043,9.307391304
10.21869565,9.253478261
10.16652174,9.192608696
10.1175,9.135
10.07583333,9.085
10.03416667,9.035
9.998695652,8.986956522
9.963913043,8.939130435
9.921304348,8.891304348
9.873478261,8.843478261
9.83,8.8
9.796666667,8.766666667
9.763333333,8.733333333
9.728695652,8.706521739
9.693913043,8.680434783
9.664347826,8.649130435
9.63826087,8.614347826
9.610869565,8.582173913
9.580434783,8.556086957
9.55,8.53
9.532608696,8.50826087
9.515217391,8.486521739
9.500869565,8.452608696
9.487826087,8.413478261
9.474782609,8.381304348
9.46173913,8.359565217
9.446521739,8.337391304
9.41173913,8.311304348
9.376956522,8.285217391
9.353333333,8.246666667
9.3325,8.205
9.303636364,8.165454545
9.262727273,8.129090909
9.220434783,8.093913043
9.172608696,8.063478261
9.124782609,8.033043478
9.084782609,7.983043478
9.045652174,7.930869565
9.014347826,7.878695652
8.98826087,7.826521739
8.95826087,7.780869565
8.919130435,7.750434783
8.88,7.72
8.832173913,7.693913043
8.784347826,7.667826087
8.739565217,7.620434783
8.696086957,7.563913043
8.653636364,7.506363636
8.612727273,7.447272727
8.571304348,7.393913043
8.527826087,7.363478261
8.484347826,7.333043478
8.440869565,7.306521739
8.397391304,7.280434783
8.358181818,7.242727273
8.321818182,7.197272727
8.291304348,7.156086957
8.269565217,7.121304348
8.247826087,7.086086957
8.226086957,7.046956522
8.204347826,7.007826087
8.152727273,6.970909091
8.093636364,6.934545455
8.062173913,6.906956522
8.049130435,6.885217391
8.033181818,6.860454545
8.010454545,6.828636364
7.986956522,6.797391304
7.956521739,6.771304348
7.926086957,6.745217391
7.883636364,6.707272727
7.838181818,6.666363636
7.804347826,6.626521739
7.77826087,6.587391304
7.750454545,6.547727273
7.718636364,6.506818182
7.685454545,6.466818182
7.64,6.435
7.594545455,6.403181818
7.562608696,6.364782609
7.532173913,6.325652174
7.498181818,6.282727273
7.461818182,6.237272727
7.430909091,6.200909091
7.408181818,6.178181818
7.383043478,6.155652174
7.34826087,6.133913043
7.313478261,6.112173913
7.265,6.081363636
7.215,6.049545455
7.174545455,5.989090909
7.138181818,5.916363636
7.095,5.864090909
7.045,5.832272727
6.997727273,5.799090909
6.956818182,5.762727273
6.914545455,5.728636364
6.86,5.715
6.805454545,5.701363636
6.759090909,5.650909091
6.713636364,5.596363636
6.68173913,5.558695652
6.655652174,5.52826087
6.62,5.49
6.57,5.44
6.521428571,5.39047619
6.478571429,5.342857143
6.436363636,5.295454545
6.4,5.25
6.363636364,5.204545455
6.323181818,5.167272727
6.282272727,5.130909091
6.241363636,5.094545455
6.200454545,5.058181818
6.164090909,5.021818182
6.132272727,4.985454545
6.100454545,4.947727273
6.068636364,4.906818182
6.037272727,4.866363636
6.01,4.83
5.982727273,4.793636364
5.932857143,4.76
5.88047619,4.726666667
5.826363636,4.694545455
5.771818182,4.662727273
5.72,4.617272727
5.67,4.562727273
5.622857143,4.516666667
5.58,4.483333333
5.535,4.451818182
5.485,4.424545455
5.435909091,4.398181818
5.395,4.38
5.354090909,4.361818182
5.328571429,4.304285714
5.304761905,4.242380952
5.26,4.215454545
5.21,4.197272727
5.172857143,4.175714286
5.144285714,4.151904762
5.12047619,4.118571429
5.101428571,4.075714286
5.075454545,4.033636364
5.039090909,3.992727273
5.003333333,3.954285714
4.97,3.925714286
4.932727273,3.894090909
4.86,3.835
4.787272727,3.775909091
4.707142857,3.722857143
4.626190476,3.67047619
4.606190476,3.637142857
4.601428571,3.608571429
4.577727273,3.587272727
4.545909091,3.569090909
4.508571429,3.552857143
4.465714286,3.538571429
4.432380952,3.518571429
4.413333333,3.49
4.401428571,3.458571429
4.406190476,3.42047619
4.397619048,3.389047619
4.335714286,3.384285714
4.273181818,3.374545455
4.205,3.32
4.136818182,3.265454545
4.095714286,3.2
4.057619048,3.133333333
4.030952381,3.116190476
4.007142857,3.111428571
4.01,3.13
4.024285714,3.158571429
4.027142857,3.147142857
4.022380952,3.109047619
4.000952381,3.078095238
3.962857143,3.054285714
3.915238095,3.020952381
3.853333333,2.973333333
3.81,2.925714286
3.81,2.878095238
3.807,2.829
3.792,2.774
3.777142857,2.73
3.762857143,2.73
3.745238095,2.72952381
3.697619048,2.724761905
3.65,2.72
3.630952381,2.72
3.611904762,2.72
3.5695,2.7245
3.5245,2.7295
3.545714286,2.721428571
3.574285714,2.711904762
3.557142857,2.706190476
3.528571429,2.701428571
3.526666667,2.66
3.536190476,2.602857143
3.528,2.58
3.508,2.58
3.488571429,2.58
3.46952381,2.58
3.415,2.61
3.325,2.67
3.265714286,2.683333333
3.237142857,2.65
